[
	{
		"name": "photo 1",
		"description": "Desc photo 1",
		"small_src": "x1-s.png",
		"large_src": "x1-b.png"
	},
	{
		"name": "photo 2",
		"description": "Desc photo 2",
		"small_src": "x2-s.png",
		"large_src": "x2-b.png"
	},
	{
		"name": "photo 3",
		"description": "Desc photo 3",
		"small_src": "x3-s.png",
		"large_src": "x3-b.png"
	},
	{
		"name": "photo 4",
		"description": "Desc photo 4",
		"small_src": "x4-s.png",
		"large_src": "x4-b.png"
	},
	{
		"name": "photo 5",
		"description": "Desc photo 5",
		"small_src": "x5-s.png",
		"large_src": "x5-b.png"
	},
	{
		"name": "photo 6",
		"description": "Desc photo 6",
		"small_src": "x6-s.png",
		"large_src": "x6-b.png"
	},
	{
		"name": "photo 7",
		"description": "Desc photo 7",
		"small_src": "x7-s.png",
		"large_src": "x7-b.png"
	},
	{
		"name": "photo 8",
		"description": "Desc photo 8",
		"small_src": "x8-s.png",
		"large_src": "x8-b.png"
	},
	{
		"name": "photo 9",
		"description": "Desc photo 9",
		"small_src": "x9-s.png",
		"large_src": "x9-b.png"
	},
	{
		"name": "photo 10",
		"description": "Desc photo 10",
		"small_src": "x10-s.png",
		"large_src": "x10-b.png"
	},
	{
		"name": "photo 11",
		"description": "Desc photo 11",
		"small_src": "x11-s.png",
		"large_src": "x11-b.png"
	},
	{
		"name": "photo 12",
		"description": "Desc photo 12",
		"small_src": "x12-s.png",
		"large_src": "x12-b.png"
	},
	{
		"name": "photo 13",
		"description": "Desc photo 13",
		"small_src": "x13-s.png",
		"large_src": "x13-b.png"
	},
	{
		"name": "photo 14",
		"description": "Desc photo 14",
		"small_src": "x14-s.png",
		"large_src": "x14-b.png"
	},
	{
		"name": "photo 15",
		"description": "Desc photo 15",
		"small_src": "x15-s.png",
		"large_src": "x15-b.png"
	},
	{
		"name": "photo 16",
		"description": "Desc photo 16",
		"small_src": "x16-s.png",
		"large_src": "x16-b.png"
	},
	{
		"name": "photo 17",
		"description": "Desc photo 17",
		"small_src": "x17-s.png",
		"large_src": "x17-b.png"
	}
]
